,name,forks,stars,watchers,subscribers
0,apeltzer/IGCG-featureCounts,4,0,0,1
1,mamanambiya/phasing_vcf_eagle,0,0,0,1
2,INMEGEN/conservationLandscape,0,0,0,3
3,arzwa/whaleprep,3,3,3,2
4,coraliegimonnet/BS-Seq_pipeline,0,0,0,0
5,abhi18av/nextflow_grid_search,0,0,0,2
6,jerdra/TIGR_PURR,6,0,0,1
7,vladsaveliev/umcaw,0,1,1,1
8,AndersenLab/post-gatk-nf,0,0,0,7
9,alemenze/bact-builder,0,0,0,1
10,HeshamElAbd/nf-core-deviptcore,0,0,0,0
11,FredHutch/ccs-nf,0,0,0,4
12,Navrique/ANAPURNA-seq_old,0,0,0,1
13,Streit-lab/streitlab-nf-modules,1,0,0,1
14,maxibor/test-nf-core-pipeline,0,0,0,1
15,vibbits/rnaseq-editing,0,0,0,3
16,ATpoint/rnaseq_preprocess,0,0,0,1
17,lifebit-ai/freebayes,2,2,2,5
18,marchoeppner/kinseq,0,0,0,1
19,wtsi-hgi/nf_irods_to_lustre,0,0,0,2
20,pditommaso/nf-foo,0,0,0,2
21,chrstphdm/nxf_course,0,1,1,1
22,DossenaCarolina/TF_footprint,0,0,0,1
23,zhangtong516/icpipe-nextflow,0,0,0,1
24,Jojanneke-S/PRECODE,0,0,0,1
25,ifremer-bioinformatics/FLORA,0,0,0,2
26,stevekm/MuTect2_target_chunking,0,0,0,1
27,RVanDamme/MUFFIN,7,32,32,3
28,nf-core/bacass,25,33,33,83
29,Diren52/ExpansionHunter-nf,0,0,0,2
30,h3abionet/h3arefgraph,1,3,3,13
31,bzhanglab/nf-rnaseq,0,0,0,2
32,ggabernet/dsltwotest,0,1,1,1
33,pandora414/dna,1,0,0,2
34,DLBPointon/annotation-pipeline-nextflow,0,0,0,1
35,doudoufeishangtian/WGSpipe-nf,0,1,1,1
36,edgano/C3G_longRead2020,0,0,0,1
37,ebi-gene-expression-group/cell-types-eval-control-workflow-cross-validation,0,0,0,5
38,szabogtamas/repertoireseq_container,0,1,1,1
39,ABMicroBioinf/pathogen,0,0,0,0
40,fmalmeida/bacannot,4,47,47,3
41,czbiohub/nf-extractcoding,0,0,0,5
42,Irvibena/Groupe10_Hackaton,0,0,0,1
43,csawye01/nf-core-demultiplex-crick,0,0,0,1
44,nf-core/methylseq,93,78,78,84
45,ntanh1999/nextflow,0,0,0,1
46,Gregor-Mendel-Institute/aradeepopsis,7,26,26,5
47,MarieGurke/nfvacal,0,0,0,1
48,CAMI-challenge/CAMITAX,3,27,27,6
49,cgpu/PGP-UK-sarek,0,0,0,2
50,BCCDC-PHL/troika-nf,0,0,0,1
51,FischbachLab/nf-readqc,0,0,0,2
52,IARC-genetics/random_nf_scripts,0,0,0,1
53,didillysquat/yamada,0,0,0,1
54,isugifNF/freebayes,0,0,0,2
55,kevbrick/pipeIt,0,0,0,1
56,kevbrick/ssds_nfcore,0,0,0,1
57,oxfordfun/FunSnippy,0,1,1,1
58,mahesh-panchal/test_nfcore_workflow_chain,0,0,0,1
59,wtsi-hgi/nf_scrna_deconvolution,1,0,0,2
60,MDegener/RNAseq-pipeline,0,0,0,1
61,cgpu/sarek-mirror,0,0,0,2
62,vpeddu/ev-meta,0,0,0,2
63,icgc-argo-workflows/open-access-variant-filtering,1,0,0,14
64,cgpu/pgp-chronek,0,0,0,2
65,thibaultdestanque/RNA_seq_Nextflow,0,0,0,1
66,TheJacksonLaboratory/Star_indices,0,0,0,1
67,josephhalstead/nextflow_small_germline_panel,0,0,0,1
68,metashot/prok-pan,0,0,0,2
69,lifebit-ai/ExpansionHunter,2,0,0,25
70,NBISweden/pipelines-nextflow,14,28,28,35
71,bunop/nextflow-training,0,0,0,2
72,sguizard/nf-feelnc,0,0,0,1
73,AndersenLab/genomes-nf,2,0,0,1
74,Dowell-Lab/Nascent-Flow,4,5,5,4
75,biocorecrg/SIB_course_nextflow_Nov_2021,4,2,2,4
76,WhalleyT/RECIPIENT,0,1,1,1
77,lifebit-ai/HipSTR,1,0,0,25
78,LNUc-EEMiS/magmap,0,0,0,1
79,lifebit-ai/kallisto-sra,6,8,8,11
80,bigbio/proteomicstmt,4,1,1,8
81,BlackburnLab/pgdb,0,0,0,1
82,j23414/desc_workflows,0,0,0,2
83,ampatchlab/nf-dnaseq,0,0,0,3
84,faithman/variant-nf,0,0,0,1
85,food-safety-bioinformatics-hackathon/benchmarking-refseq,1,0,0,2
86,agalitsyna/RedClib,1,10,10,2
87,ggrimes/nf_fastqc,0,0,0,1
88,kviljoen/16S_quick_QC,0,2,2,1
89,lifebit-ai/DeepVariantTrain,1,0,0,5
90,Clinical-Genomics-Lund/nextflow_oxfordnanopore_sv,0,0,0,4
91,t-neumann/slamseq,7,0,0,1
92,sickle-in-africa/saw.sarek,0,0,0,2
93,stevekm/vep-annotation-nf,3,2,2,2
94,adrodrzywolski/rnaseq_analysis_pipeline,0,0,0,1
95,hoelzer/treat,0,0,0,2
96,nf-core/eager,58,62,62,96
97,PGScatalog/pgsc_calc,0,2,2,3
98,oist/plessy_draft_nf-busco,0,0,0,2
99,mpozuelo/QC_demux,0,0,0,0
100,marchoeppner/esga2,1,0,0,1
101,IARCbioinfo/NGSCheckMate-nf,2,1,1,5
102,bioatlas/ampliflow,1,0,0,5
103,jvierstra/nf-index,0,0,0,1
104,lifebit-ai/relate,1,1,1,9
105,lifebit-ai/drs-nf,0,0,0,10
106,harryscholes/giga,0,0,0,0
107,robinfchan/citeseq-nf,0,0,0,1
108,sebastianlzy/nextflow-demo,0,0,0,1
109,digitalproteomes/NF-CometTPP,0,0,0,2
110,cgpu/valibam,2,2,2,1
111,ssun1116/meripseqpipe,0,0,0,0
112,lucacozzuto/elixir_NF,0,0,0,2
113,UnseenBio/bracken-nf,0,0,0,3
114,sinonkt/gemini-load-nf,0,0,0,2
115,FriederikeHanssen/bamtofastq,6,3,3,1
116,FilipThorn/nf-GL_popstructure,1,0,0,1
117,harleenduggal/NEXTFLOW-fastqc,0,0,0,1
118,cmdoret/vapormap,0,0,0,3
119,jimmyliu1326/SamnSero_Nextflow,0,0,0,1
120,fargenfo/linkseq-demux,0,0,0,2
121,JackCurragh/riboseq_data_processing,1,0,0,1
122,alesssia/YAMP,24,50,50,7
123,HugoMananet/Nextflow_Samtools_VarScan,0,0,0,1
124,Oliver-Tautz/helloNextflow,0,0,0,1
125,bioinformatics-lab/trigenome-analysis-nf,0,0,0,2
126,Shicheng-Guo/gwasgsa,0,0,0,0
127,oxfordmmm/SARS-CoV2_workflows,0,0,0,3
128,LNUc-EEMiS/metatdenovo-dsl1,2,1,1,2
129,imgag/plasmIDent,3,13,13,4
130,kmayerb/knead-docker,0,0,0,2
131,FredHutch/PGAP-nf,3,1,1,4
132,thanhleviet/nf-nanopore-assembly,0,3,3,1
133,FirasSadiyah/NF-Workflow,0,0,0,1
134,katharily/pe_stacks_pipeline,0,0,0,1
135,photocyte/repeatModeler2_nf,0,3,3,1
136,yassineS/nf-demux,0,0,0,1
137,evolbioinfo/booster-workflows,0,1,1,5
138,jtmccr1/bft-nf,0,0,0,2
139,lifebit-ai/somatic-variant-caller,3,2,2,3
140,tiwarialok/new-rnaseq,0,0,0,1
141,rbpisupati/nf-haplocaller,1,1,1,1
142,crickbabs/rnaSeq_byBABS,5,5,5,1
143,lengfei5/nf_visium_kallisto,0,0,0,1
144,vibbits/NextFlow_pipelines,0,0,0,2
145,marcodelapierre/demo-shpc-nf,1,0,0,1
146,nibscbioinformatics/nf-core-conva,0,0,0,3
147,brucemoran/DNAseq_references,0,0,0,1
148,czbiohub/nf-predictorthologs,2,4,4,5
149,MarieGurke/nfmap,0,0,0,1
150,rikenbit/ramdaq,1,2,2,10
151,cgpu/haplosarek,0,0,0,2
152,tlawrence3/covid_nextflow,0,0,0,1
153,marchoeppner/outbreak-monitoring,1,0,0,0
154,cmatKhan/bartNPNF,0,0,0,1
155,markgene/cutnrun,0,0,0,1
156,czbiohub/blastlca,0,1,1,3
157,FredHutch/dvc-pipelines,0,1,1,5
158,jiangfuqing/Chip-seq,0,0,0,0
159,sguizard/nf-core-tamanmd,0,0,0,1
160,nf-core/sarek,220,159,159,65
161,angelovangel/nxf-kraken2,7,13,13,2
162,wslh-bio/dryad,3,8,8,2
163,lifebit-ai/pcgr-nf,1,0,0,5
164,connor-lab/PenGU-testdata-build,0,1,1,2
165,ikmb/pacbio-preprocess,0,0,0,1
166,ikmb/vep,0,0,0,0
167,multimeric/AwsNextflowBug,0,0,0,1
168,Hammarn/Popolipo,0,0,0,2
169,Bhagyshree/bedtools_NF,0,0,0,1
170,nf-core/bactmap,17,27,27,63
171,nextflow-io/gccbosc18-training,1,6,6,2
172,grbot/nf-core-example,0,0,0,2
173,shaunchuah/cfdna_nextflow,0,0,0,1
174,FriederikeHanssen/babysarek,0,0,0,1
175,nf-core/cookiecutter,8,18,18,114
176,klamkiew/viralclust,4,6,6,1
177,michael-ta/longitudinal-GWAS-pipeline,0,0,0,1
178,BioWilko/Papaya,0,0,0,1
179,FredHutch/circulator-nf,0,0,0,4
180,chenyuetian/nextflow,0,0,0,1
181,becavin-lab/nf-blast,0,0,0,2
182,peterk87/nf-iav-illumina,4,3,3,2
183,lifebit-ai/strelka2,1,0,0,26
184,hoelzer-lab/treat,0,2,2,2
185,pprieto/dragen,0,0,0,0
186,IARCbioinfo/gatk4-DataPreProcessing-nf,1,3,3,3
187,viktorlj/SarekCLLPostProcess,1,1,1,2
188,ajodeh-juma/viclara,0,0,0,1
189,lobleya/GATK4_WGS,0,1,1,0
190,bibo3/popbom,0,0,0,3
191,nextflow-io/nf-hack18,7,18,18,4
192,czbiohub/nextflow-tutorial-2019,0,9,9,2
193,luissian/nf-core-assemblybacterias,2,0,0,1
194,FredHutch/index-genomes-nf,0,1,1,3
195,vincenthhu/nf-core-westest,0,1,1,1
196,FAANG/GSM-pipeline,0,0,0,3
197,ryanlayerlab/layer_lab_chco,0,1,1,1
198,fuxialexander/nf-cojo,0,0,0,0
199,heuermh/sars-cov-2,1,1,1,2
200,FredHutch/VMAA,0,2,2,4
201,Jeremy1805/nf-core-influenzangs,0,0,0,1
202,Simontuk/sprint_covseq,0,0,0,1
203,NCBI-Hackathons/Nasty_Metagenomes,0,3,3,9
204,marcocrotti/radseq-processing-nf,0,0,0,1
205,FredHutch/prokka-nf,0,1,1,4
206,rikenbit/RamDAQ-prototype,0,6,6,10
207,nf-core/kmermaid,9,13,13,63
208,ampatchlab/nf-rnasnv,0,0,0,2
209,nibscbioinformatics/scranger,2,1,1,1
210,telatin/nextflow-example,4,2,2,1
211,icbi-lab/smartseq2_pipeline,9,3,3,5
212,nextflow-io/rnaseq-nf,70,40,40,6
213,trev-f/SRAlign,0,0,0,1
214,PavriLab/repliseq-nf,0,0,0,2
215,cgroza/nextflow_scripts,0,0,0,2
216,ThiloSchulze/orthology-inference,0,0,0,2
217,priyanka-surana/hic,0,0,0,1
218,FischbachLab/nf-reads-profiler,0,1,1,2
219,matt-sd-watson/nextflow_for_nextstrain,0,1,1,1
220,AndersenLab/variant-simulations-nf,0,0,0,8
221,SannaAb/Mutation_Calling,0,0,0,0
222,BioinformaticsLabAtMUN/sRNA-Detect,3,0,0,1
223,elowy01/nf-core-testworkflow,0,0,0,2
224,nf-core/mnaseseq,5,7,7,66
225,jonbra/nf-desensitize,0,0,0,1
226,cimendes/metaFlow,0,0,0,1
227,icbi-lab/nextNEOpi,6,22,22,6
228,ampatchlab/nf-rnaseq,0,0,0,3
229,OpenMSConsulting/NextflowLFQ,0,0,0,1
230,samlhao/nextflow-spid,0,0,0,1
231,ggrimes/nextflow_rnaseq_training_dataset,0,0,0,1
232,qbic-pipelines/vcreport,3,0,0,3
233,samlhao/hgtsimulation,0,0,0,1
234,njspix/ref_genomes,0,0,0,1
235,DaneVass/BARtab,0,0,0,1
236,eQTL-Catalogue/genimpute,1,2,2,2
237,bschiffthaler/nf-radseq,0,0,0,1
238,finnor/sample-renamer,0,0,0,1
239,RJ333/calculate-functional-trees,1,0,0,1
240,lifebit-ai/bam2cram,0,0,0,1
241,Chiamh/meta-omics-nf,0,0,0,1
242,IARCbioinfo/gatk4-GenotypeGVCFs-nf,10,7,7,3
243,ericaenjoy3/rna_nf,0,0,0,1
244,jiangweiyao/RefNAAP_nf,0,1,1,1
245,nf-core/airrflow,12,17,17,80
246,jgallowa07/Nextflow-Example,0,0,0,1
247,NYU-Molecular-Pathology/NGS580-nf,5,8,8,2
248,nanjalaruth/HLA-typing,0,1,1,1
249,cometsong/gbrs_nxf,2,0,0,0
250,maxibor/metaphlan-nf,1,1,1,2
251,tobsecret/covid19,0,0,0,0
252,egenesis/WF-NF-rnassembly,0,0,0,1
253,mahesh-panchal/NBIS_project_template,1,4,4,1
254,Monia234/IARC-RNA-seq,0,0,0,1
255,tolkit/nemADSQ,3,1,1,4
256,tiagofilipe12/pATLAS-db-creation,0,0,0,1
257,jambler24/bac_pangenome,0,0,0,1
258,TRON-Bioinformatics/covigator-ngs-pipeline,3,7,7,2
259,biocorecrg/allele_specific_RNAseq,0,2,2,4
260,AlexVCaron/mrHARDIflow,0,0,0,1
261,edg1983/WGS_pipeline,0,0,0,2
262,nf-core/rnavar,6,5,5,29
263,Gregor-Mendel-Institute/isoseq3,3,3,3,6
264,arontommi/nf-mixcr,0,0,0,0
265,salvadorlab/mbovpan,0,0,0,1
266,happykhan/nf-scripts,0,0,0,1
267,vladsaveliev/cawdor,0,4,4,1
268,Flomics/joao-test,1,0,0,1
269,ifremer-bioinformatics/samba,4,7,7,3
270,cirrina/ctg-rnaseq,0,0,0,1
271,GFrosi/Nextflow-BEDtoBAM-IndexBAM,0,0,0,2
272,KevinMenden/tf-activity,1,0,0,1
273,SystemsGenetics/GEMmaker,15,18,18,6
274,nibscbioinformatics/humgen,0,0,0,4
275,Gibbons-Lab/pipelines,0,3,3,2
276,AgBC-UoP/seq-contamination-QC-nf,0,0,0,1
277,BCCDC-PHL/routine-assembly,0,1,1,2
278,keoughkath/AcceleratedRegionsNF,0,1,1,1
279,gwright99/nf-core-dragen,0,0,0,0
280,ZuberLab/crispr-nf,2,2,2,3
281,ntoda03/cycleassembler,0,0,0,2
282,czbiohub/nf-ortholog,0,3,3,5
283,porchard/ATACseq-NextFlow,0,0,0,1
284,nf-core/smrnaseq,75,38,38,82
285,biggstd/nf-core-gsfworkflow,0,0,0,2
286,chelauk/nf-core-hlatyping,0,0,0,2
287,IARCbioinfo/fastqc-nf,0,1,1,4
288,javaidm/layer_lab_somatic_sv,0,0,0,1
289,CDCgov/mycosnp-nf,5,4,4,1
290,cbcrg/nf-phdcourse19,37,9,9,4
291,j23414/wgcna_nf,0,0,0,2
292,cbcrg/nf-phdcourse20,1,4,4,4
293,jlboat/NextflowScripts,0,1,1,1
294,ashdederich/Symbiont_genomeAssembly,0,0,0,1
295,tristanpwdennis/basicwgs,0,0,0,1
296,rnharmening/nf-multipleReferenceMapper,0,0,0,0
297,chewbeckie/Outbreak_EnrichmentCulture,1,1,1,3
298,ggrimes/clair_nf,0,0,0,1
299,sripaladugu/germline_somatic,0,0,0,1
300,jiangfuqing/CRISPR-Cas-off-target-identification,0,0,0,0
301,lwratten/nanorna-bam,2,0,0,1
302,R-Cardenas/nextflow_pipelines,1,0,0,1
303,michaelbale/JLab-IPSeqFlow,0,1,1,1
304,Clinical-Genomics-Linkoping/artic-pangolin-nf,0,1,1,1
305,asadprodhan/How-to-run-Kraken2-on-HPC-using-Singularity-container-and-Nextflow,0,0,0,1
306,mckennalab/NextLineage,0,0,0,1
307,ATpoint/atac_chip_preprocess,0,0,0,1
308,cgpu/samtools-index-nf,0,0,0,2
309,ConesaLab/TCR_nextflow,0,0,0,1
310,gongyh/nf-core-scp,0,0,0,2
311,nibscbioinformatics/modules,1,0,0,4
312,sheynkman-lab/IsoSeq-Nextflow,0,0,0,1
313,BCCDC-PHL/ncov-tools-nf,1,1,1,5
314,brucemoran/tumour_only,1,0,0,1
315,FischbachLab/nf-midas,0,0,0,1
316,MGordon09/nf-core-bagobugs,0,0,0,1
317,bigbio/quantms,5,2,2,6
318,maxibor/coproID,2,0,0,3
319,dthorburn/Genomic_Read_Processing,1,0,0,1
320,mbosio85/nf-core-gatkcohortcall,0,0,0,1
321,Jokendo-collab/MS_database_search,0,0,0,1
322,nf-modules/samtools,0,0,0,2
323,ATpoint/sc_preprocess,0,1,1,1
324,chelauk/test_nextflow_sarek,0,0,0,1
325,veitveit/nf-core-wombatp,0,0,0,1
326,nf-core/vipr,11,11,11,116
327,GMS6804-master/Sarek,0,0,0,2
328,ajodeh-juma/rvfvtyping,0,0,0,1
329,trev-f/SRAtac,0,0,0,1
330,alperyilmaz/nextflow-rnaseq,0,0,0,1
331,ewels/nf-core-dsl2pipelinetest,1,0,0,1
332,luslab/briscoe-nf-tobias,0,0,0,4
333,RenzoTale88/nf-LO,0,0,0,2
334,NailouZhang/nf-core-virome,0,0,0,0
335,Monia234/gatk4-GenotypeGVCFs-IARC,0,0,0,1
336,dfornika/nextflow-artic-ncov2019,0,2,2,1
337,fmalmeida/MpGAP,5,23,23,2
338,UPHL-BioNGS/Cecret,12,19,19,4
339,mageshwarm/rnaseq-nf-magesh,0,0,0,1
340,lstevens17/busco-nf,0,0,0,1
341,evotools/nf-LO,4,11,11,2
342,tobsecret/BADAS_Nextflow_Tutorial,6,6,6,3
343,AlexsLemonade/scpca-nf,0,0,0,4
344,Genomic-Medicine-Linkoping/nf-core-sarek,0,0,0,0
345,javaidm/obsolete_layer_lab_caw,0,0,0,1
346,khigashi1987/CUTRUN_Nextflow,0,0,0,1
347,IARCbioinfo/Imputation-nf,3,1,1,4
348,dfornika/nf-core-cpo,0,0,0,1
349,danielyao12/Sanders-workflows,0,0,0,0
350,mpieva/quicksand,0,0,0,1
351,antunderwood/amr_prediction,0,0,0,1
352,supark87/minion_hrp2,0,0,0,1
353,nf-core/viralrecon,58,62,62,25
354,jeantristanb/h3abionetimp_spezone,0,0,0,1
355,nf-core/proteomicslfq,17,22,22,61
356,cmatKhan/rnaseq_pipeline_rewrite,0,0,0,1
357,NAMlab/rnaseq-mapper,1,0,0,4
358,rbpisupati/nf-repeatexplorer,1,0,0,1
359,UMCUGenetics/NextflowModules,8,16,16,5
360,luslab/nf-core-denovohybrid,0,0,0,4
361,mahesh-panchal/nf-core-alttemplate,0,0,0,0
362,lifebit-ai/tinynf,0,0,0,4
363,LehmannN/scAnnotatiONT,0,0,0,1
364,rafalcode/nxtflo,0,0,0,1
365,robinfchan/bisulfite_align_nf,0,0,0,1
366,rwtaylor/mpcr-analyses-pipelines,1,0,0,0
367,Dowell-Lab/ChIP-Flow,0,1,1,2
368,twesigomwedavid/open-science,0,0,0,0
369,ThiloSchulze/eukaryotic-genome-assembly,0,0,0,2
370,fernanda-miron/nf-variantes-ldg,0,0,0,1
371,TRON-Bioinformatics/tronflow-bam-preprocessing,0,2,2,2
372,Amanj1/Discovery2,0,0,0,1
373,remiolsen/hicscaff,1,0,0,1
374,edgano/TCoffee-NatureProtocol-nf,0,0,0,1
375,IARCbioinfo/gatk4-HaplotypeCaller-nf,5,6,6,3
376,fredjaya/mutscape,0,1,1,1
377,nf-core/mag,45,82,82,90
378,FredHutch/AMGMA,1,1,1,4
379,lwratten/nanorna,1,0,0,1
380,brunoand/NMP,0,0,0,1
381,aduvermy/quantitative_nucleosome_analysis,0,0,0,1
382,mbosio85/ngs_variant_calling,0,0,0,1
383,nf-core/cageseq,9,8,8,65
384,kkerns85/midas_nextflow,2,1,1,3
385,oskarvid/nextflow-GermlineVarCall,0,1,1,1
386,hoelzer/mgnify-lr,4,4,4,2
387,bioinfo-tsukuba/nf-fastqc,0,0,0,1
388,nf-core/chipseq,90,106,106,84
389,eQTL-Catalogue/colocalisation,2,0,0,2
390,jgolob/maliampi,5,15,15,4
391,xmuyulab/scRNAseq_pipelines,3,9,9,2
392,maxibor/enaprep,0,0,0,2
393,nf-core/cutandrun,12,25,25,92
394,uct-cbio/bacterial_variant_calling,2,1,1,5
395,FredHutch/nf-sra,0,0,0,2
396,wtsi-hgi/nextflow-pipelines,1,4,4,3
397,nextflow-io/blast-example,10,6,6,2
398,heuermh/nf-core-hlatyping2,0,0,0,1
399,UCL-BLIC/Sarek_v2.3.FIX1,0,0,0,3
400,Etjean/Long_project,0,0,0,1
401,phelelani/nf-rnaSeqMetagen,3,6,6,1
402,qbic-pipelines/cellranger,2,10,10,3
403,Paul-rk-cruz/HRV_Pipeline,1,0,0,1
404,mal2017/sfr,0,0,0,2
405,chelauk/nf-core-blasr,0,0,0,2
406,agahkarakuzu/mtsatflow,0,0,0,1
407,chelauk/nf-core-partial-umi,0,0,0,2
408,sarseq/sarseq2,0,0,0,1
409,hoelzer/nf_example,0,0,0,2
410,IARCbioinfo/nf-gene-fusions,1,1,1,1
411,cgpu/sarek-genomechronicler,0,0,0,2
412,peterk87/nf-cleanplex-preprocess,0,1,1,1
413,stevekm/nextflow-demos,17,68,68,6
414,iferres/CSI-nf,0,0,0,2
415,s-andrews/nextflow_pipelines,6,5,5,3
416,kazumaxneo/Nextflow_test_code,0,0,0,1
417,christopher-hakkaart/bench,0,0,0,2
418,ferygood/nf-STAR-TEtranscript,0,0,0,1
419,qbicsoftware-archive/microarray-qc-workflow,0,1,1,5
420,JWDebler/nf-assembly,0,1,1,1
421,nebiolabs/EM-seq,0,2,2,10
422,jianhong/ATACseqQCnextflow,0,0,0,1
423,edg1983/NF_variant_annotation,0,0,0,2
424,metashot/mag-illumina,0,0,0,2
425,vib-singlecell-nf/vsn-pipelines,19,48,48,12
426,czbiohub/nf-large-assembly,0,0,0,2
427,b600a/tuber,0,1,1,3
428,razielar/lncRNA_annotation_cufflinks_nf,0,0,0,1
429,viktorlj/SarGet,1,2,2,1
430,mbosio85/CNVcall,0,0,0,1
431,UBC-Stat-ML/humi2,0,0,0,10
432,cgpu/multiVCF-chopper,0,0,0,2
433,erikwaskiewicz/ctdna-project,1,1,1,0
434,BonaBeavis/nf-core-prototype,0,0,0,1
435,WarrenLab/longread-svs-nf,0,0,0,2
436,cgpu/covbench,0,0,0,2
437,TheJacksonLaboratory/splicing-pipelines-nf,4,7,7,7
438,sripaladugu/nextflow_align,0,0,0,1
439,nf-core/exoseq,24,12,12,103
440,noamteyssier/nextflow_pipelines,0,0,0,2
441,inab/RDConnect_RNASeq,1,1,1,5
442,mmcogle/GEMmakerCam,0,0,0,2
443,nibscbioinformatics/scoop,1,1,1,1
444,independentdatalab/nf-riboseq,1,1,1,2
445,palfalvi/nanoporeseq,0,0,0,1
446,Reda94/GDC-RNAseq-pipeline,0,1,1,1
447,bioinformatics-lab/nf-core-singlegenometese,0,0,0,2
448,zlye/RVE,0,0,0,1
449,UPHL-BioNGS/Grandeur,1,6,6,3
450,fmalmeida/ngs-preprocess,3,20,20,3
451,aarandad/demuxer,0,0,0,1
452,anwarMZ/nf-upcoast-v,0,0,0,2
453,hoelzer/nf_blast,0,1,1,2
454,icgc-argo-workflows/sanger-wxs-variant-calling,1,0,0,12
455,ralsallaq/metaGx_nf,0,0,0,1
456,trickytank/rna_circular-nf,0,1,1,1
457,jkirangw/WORMpipe,0,0,0,1
458,h3abionet/node-accreditation,0,0,0,5
459,kaizhang/scATAC-benchmark,0,0,0,1
460,UMCUGenetics/sarek_ubec,0,0,0,1
461,zamanianlab/Core_RNAseq-nf,0,0,0,3
462,likelet/circPipe,6,4,4,3
463,alexcorm/quick_phylo_BUSCO,0,0,0,1
464,luomei308/RNA_Seq,0,0,0,1
465,marchoeppner/trinoflow,1,1,1,1
466,brwnj/freebayes-nf,1,6,6,2
467,luslab/nf-core-modules,0,0,0,4
468,luslab/luslab-nf-modules,4,14,14,7
469,Clinical-Genomics-Linkoping/gms-JASEN,0,0,0,2
470,lwratten/nf_example,3,0,0,2
471,codingene/nextflow-base,0,1,1,1
472,nf-core/spatialtranscriptomics,1,1,1,123
473,bcgsc/TMBur,2,1,1,7
474,lifebit-ai/ukbb-tutorial,0,0,0,19
475,Vikash84/micropipe,1,0,0,0
476,kkerns85/midas_nf_tower,0,0,0,1
477,SystemsGenetics/transcript_corral,0,1,1,7
478,BU-ISCIII/SARS_Cov2_consensus-nf,3,7,7,3
479,lengfei5/atacseq_nf,0,0,0,1
480,ebi-gene-expression-group/scanpy-workflow,1,4,4,6
481,RemyNicolle/DummyNF,1,0,0,1
482,gaow/fastqc-nf,0,0,0,2
483,seqeralabs/gatk4-germline-snps-indels,4,6,6,6
484,abner24/AbinitioTraining,0,0,0,2
485,nanozoo/wf_prepare_submission_dammit,0,1,1,5
486,bioShaun/xms-rnaseq-nf,0,0,0,0
487,vibbits/nextflow-jnj,3,2,2,2
488,nf-core/nascent,6,3,3,90
489,hukai916/demo_nfcore_obsolete,0,0,0,1
490,hirenbioinfo/nextflow_pipeline,0,0,0,1
491,chelauk/nf-core-umipreprocessing,0,0,0,1
492,nf-core/taxprofiler,2,7,7,121
493,jianhong/nextflowTutorial,0,0,0,1
494,zenomeplatform/nf-germline-mapping,0,0,0,0
495,ggabernet/elixir,0,0,0,1
496,heinzlab/chip-seq-pipeline,0,0,0,1
497,metashot/prok-quality,1,5,5,2
498,TDMedina/Nextflow_test,0,0,0,1
499,gencorefacility/nf-workflows,1,3,3,2
500,jyguo/optitype,0,0,0,1
501,chelauk/nf-core-umi_preprocessing,0,0,0,2
502,Golob-Minot/geneshot,4,25,25,5
503,fmaguire/filter_flow,1,0,0,0
504,michaelbale/JLab-ATACFlow,0,0,0,1
505,dfornika/simulate-outbreak-dataset,1,0,0,1
506,digitalproteomes/NF-DIAUmpire,1,0,0,3
507,MrMarkW/nf-core-readtwoalign,0,0,0,1
508,nextflow-io/nf-hack17-tutorial,17,29,29,6
509,csiro-crop-informatics/reproducible_poc,1,1,1,4
510,abhi18av/cookiecutter-nextflow,0,0,0,2
511,eQTL-Catalogue/qtlmap,7,14,14,3
512,cgpu/sparkling-gatk,0,0,0,2
513,chrisjackson-pellicle/HybPiper-RBGV,0,2,2,1
514,hoelzer/nanovirus,1,2,2,2
515,davideyre/bug-flow,2,5,5,1
516,maxibor/dada2-nf,1,1,1,2
517,AnneCharlotteMichel/Reprohackathon,1,1,1,2
518,nibscbioinformatics/nf-core-bagobugs,0,0,0,3
519,chelauk/nf-core-mutectplatypus,0,0,0,2
520,nf-core/scrnaseq,45,47,47,63
521,UnseenBio/build-sourmash-index,0,1,1,1
522,steepale/nf-core-mutenrich,0,0,0,2
523,ABMicroBioinf/magph,0,0,0,0
524,chelauk/nf-core-egatransfer,0,0,0,2
525,cgpu/ion-somatic-variant-calling,0,0,0,2
526,elixir-cloud-proteomics-workflows/elixir_proteomics_QC,2,1,1,3
527,MozesBlom/nf-polish,1,0,0,1
528,lifebit-ai/htslib-s3-nf,0,0,0,11
529,IARCbioinfo/qualimap-nf,2,0,0,4
530,bhagesh-codebeast/nextflowdualrnaseq,0,0,0,1
531,glormph/nf-core-lfquandenser,0,1,1,2
532,paulstretenowich/nf-core-viralrecon,0,0,0,0
533,JamesChoi94/LipidModule,0,0,0,1
534,IARCbioinfo/TCGA_platypus-nf,0,0,0,2
535,icgc-argo-workflows/dna-seq-processing-wfs,4,2,2,14
536,nf-modules/gatk,0,0,0,2
537,quinlan-lab/preon,0,0,0,9
538,chewbeckie/BacAss,0,0,0,1
539,redst4r/nf-10x-kallisto,0,2,2,2
540,aalinebini/ampliconseq,0,0,0,1
541,dfornika/callVariants-with-codons,0,0,0,1
542,lskatz/Kessel-run,0,0,0,2
543,palfalvi/rnaseq,0,0,0,1
544,nf-core/clipseq,14,9,9,36
545,marc-jones/nextflow-example,0,0,0,1
546,archgen/ACAD_Nextflow_Pipeline,0,1,1,3
547,bioinfo-pf-curie/annotationMaker,1,1,1,3
548,czbiohub/splicemotifs,0,0,0,2
549,metashot/busco,0,0,0,2
550,cbcrg/nf-phdcourse21,0,1,1,3
551,luiskuhn/liverctanalysis,1,0,0,1
552,mamanambiya/popfreqs,0,0,0,1
553,ampatchlab/nf-typeHLA,0,0,0,3
554,Amanj1/TTVnucleoTranslations,0,0,0,1
555,tmc-hematopath/NextSeq_MIPS_NextflowMutationDetector,0,0,0,1
556,lorentzben/automate_16_nf,0,1,1,1
557,znestor/chainsaw-test,0,0,0,1
558,AndersenLab/nil-ril-nf,2,0,0,10
559,courtois-neuromod/anat-processing,2,3,3,5
560,exsquire/diminion,0,1,1,1
561,oisinmccaffrey/clipseq.nextflow,1,0,0,1
562,h3abionet/recalling,2,2,2,6
563,BioinformaticsLabAtMUN/sRNACharP-sRNARanking,0,0,0,1
564,bioinfo-pf-curie/as-mapping,0,0,0,2
565,Gustius/MOFA,0,0,0,0
566,cgpu/sparkling-preprocessing,0,0,0,2
567,BioWilko/genotyping-pipeline,0,0,0,1
568,galaxyuvri-ea/UvriMetaSeq,0,0,0,1
569,grst/bd_rhapsody_velocyto,0,0,0,1
570,montilab/pipeliner-2,1,2,2,2
571,greninger-lab/demux,0,0,0,0
572,gis-rpd/rpd-rnaseq,1,0,0,7
573,nf-core/raredisease,10,14,14,99
574,phue/GWAS-nf,2,0,0,2
575,raonyguimaraes/fast-ngs-admix,0,1,1,0
576,mpozuelo/illumina_demux,0,0,0,0
577,imendes93/ReleaseTheKraken,0,0,0,1
578,stevekm/nextflow-samplesheet-demo,0,0,0,2
579,louperelo/longmetarg,0,0,0,1
580,LNUc-EEMiS/metatdenovo,4,0,0,1
581,Mxrcon/Savio_alignments_nf,0,0,0,1
582,cgpu/SelectVariants,0,0,0,2
583,replikation/blastn_so_hot,0,0,0,1
584,Eugloh/AmpliconPCR-nf,0,0,0,2
585,lakinsm/bear-wgs,2,2,2,2
586,crickbabs/BABS-aDNASeq,0,1,1,1
587,Lcornet/ORPER,1,1,1,1
588,robsyme/nf-nucmercoverage,0,0,0,2
589,annacprice/autodatabase,0,4,4,1
590,maxemil/PhyloMagnet,3,6,6,2
591,beise93/afs505_u3,0,0,0,2
592,juneb4869/new_meripseqpipe,1,1,1,1
593,MeghanaKB-Rheos/rnaseqpca,0,0,0,1
594,asafpr/sRNA_finder,0,0,0,1
595,Monia234/IARC-alignement,0,0,0,1
596,lifebit-ai/GangSTR,0,0,0,4
597,evanfloden/nf-module-demo,1,6,6,1
598,digitalproteomes/NF-SpectraST,2,1,1,2
599,gates-mri-bioinformatics/reference-database,1,0,0,3
600,SystemsGenetics/KINC-nf,1,1,1,2
601,nf-core/crisprvar,3,2,2,65
602,sickle-in-africa/saw.snv-indel,0,0,0,2
603,mpieva/quicksand-build,0,0,0,1
604,vpeddu/Slowqc,2,0,0,2
605,BarryDigby/circ,0,0,0,1
606,Emilyaoc/Nextflow-selection-workflow,0,0,0,5
607,varshini712/mutect2-nf,0,0,0,1
608,jamez-eh/nf-fh-pcp-wes-align,0,0,0,1
609,rastiks/viralrecon,0,0,0,1
610,StaPH-B/mycosnp,0,1,1,2
611,PhilPalmer/lbf-hack-tutorial,2,3,3,0
612,lisemangiante/test_nextflow,0,0,0,0
613,faithman/subsample-nf,0,0,0,0
614,czbiohub/nf-unsplicedcds,0,1,1,6
615,kingzhuky/meripseqpipe,9,16,16,1
616,nf-core/ssds,2,0,0,11
617,YounisLab/rnaseq-pipeline,1,1,1,2
618,becavin-lab/nf-rnaseq,0,0,0,2
619,Subhodeep13/Nextflow-Fastqc,0,0,0,1
620,clairecoleman1/clipseq1,0,0,0,1
621,kmayerb/nf-mixcr,0,0,0,2
622,IARCbioinfo/BQSR-nf,1,0,0,3
623,propan2one/variantcallerbench,0,0,0,1
624,fmaguire/mag_binning_workflow,0,0,0,1
625,AndersenLab/wi-gatk,3,1,1,7
626,yqshao/tips,0,0,0,1
627,AGROSAVIABIOUNIT/MT,0,0,0,1
628,brucemoran/batch_somatic,1,2,2,1
629,AbigailShockey/augur-nf,2,1,1,1
630,ATpoint/nf_blank,0,0,0,1
631,happykhan/nf-klebtest,0,1,1,1
632,mvanins/stress_granule_RNA_manuscript,0,0,0,1
633,lauramble/rnaseq-vizfada,2,1,1,1
634,lepsalex/nextflow-pcawg-bwa-mem-workflow,0,0,0,0
635,ikmb/flye-assembly,0,0,0,1
636,hclimente/gwas-tools,6,6,6,3
637,mpozuelo/MGI_demux,0,0,0,0
638,usafsam/mad_river_wf,2,3,3,1
639,FitzsimmonsCM/RNAseq_Nextflow,0,0,0,1
640,wbazant/CORALE,1,0,0,2
641,KlausVG/reproHack,0,0,0,2
642,fredjaya/msmc-nf,0,0,0,1
643,bioinfo-pf-curie/geniac-template,0,1,1,2
644,eresearchqut/VirReport,0,0,0,1
645,bhattlab/wits_workshop,0,0,0,5
646,Ed-G655/nf-miRNA-SNPs-classify.nf,0,0,0,1
647,NorwegianVeterinaryInstitute/Talos,2,1,1,4
648,emmakwiener/PhD-CNV-Analysis,0,0,0,1
649,kmayerb/nf-corncob,0,0,0,2
650,phelelani/nf-rnaSeqCount,3,0,0,1
651,BioinformaticsLabAtMUN/sRNACharP,1,2,2,2
652,mikek498/artic-gls,0,0,0,1
653,hoelzer/NEMO,0,0,0,2
654,cguyomar/nf-ase,0,0,0,1
655,genepi/nf-gwas,1,4,4,3
656,andriesfeder/cladebreaker,0,0,0,1
657,biocorecrg/C4LWG-2018,2,2,2,5
658,RenneLab/CnR-flow,3,3,3,3
659,naryamanesh/nf-bismarkAlignment,1,0,0,1
660,peikovakate/fastq,0,0,0,1
661,wtsi-hgi/associations,0,0,0,1
662,zellerlab/gaga2,0,1,1,2
663,peterk87/nf-virontus,1,3,3,2
664,kevinpryan/rtp_workshop,0,0,0,1
665,avantonder/assembleBAC,0,0,0,1
666,clemgoub/dnaPipeTE2,0,0,0,2
667,ebi-gene-expression-group/scxa-droplet-quantification-workflow,0,4,4,5
668,lmtani/wf-human-mito,0,2,2,1
669,javaidm/layer_lab_dna_seq_vc,0,1,1,0
670,jiangweiyao/kraken2_biom_nf,0,1,1,1
671,NBISweden/Earth-Biogenome-Project-pilot,0,1,1,41
672,ielis/nextflow-example,0,0,0,1
673,sickle-in-africa/saw.structural-variants,0,0,0,2
674,marcodelapierre/trinity-nf,0,3,3,3
675,pilm-bioinformatics/pipelines-nf-genomes,0,0,0,1
676,IARCbioinfo/table_annovar-nf,3,3,3,4
677,PhilPalmer/get-sra-nf,0,0,0,2
678,asthara10/insertseq,0,0,0,1
679,nf-core/hlatyping,23,28,28,84
680,compbiomed/RNA_Seq,4,2,2,2
681,yuifu/nextflow_cwl_example,0,0,0,2
682,fmaguire/mag_sweep,0,0,0,2
683,jiangweiyao/quaisar_nf,0,0,0,0
684,MDU-PHL/kovid-trees-nf,3,3,3,4
685,higsch/togetherforever,0,0,0,1
686,samlhao/nf-core-abricate,0,0,0,1
687,bioinfo-pf-curie/geniac-demo-dsl2,1,0,0,2
688,MicrobialGenomics/TTrichiura_Tubulin,0,0,0,2
689,metashot/kraken2,0,1,1,2
690,lifebit-ai/sanger-demo-rnaseq,0,0,0,3
691,melnel000/Sarek_CBIO,0,0,0,2
692,vibbits/chipseq-nextflow,0,1,1,2
693,PiscatorX/ezRAD-Pool-seq,0,0,0,1
694,laclac102/ampliseq,0,0,0,1
695,stjacqrm/berrywood,0,0,0,1
696,pilm-bioinformatics/pipelines-nf-fastrnaseq,0,0,0,1
697,phac-nml/ncov-dehoster,4,2,2,7
698,PiscatorX/pool-ezRAD,0,0,0,1
699,KevinMenden/hybrid-assembly,4,5,5,2
700,alexpiper/piperline,0,0,0,1
701,cmatKhan/nf-core-rw,0,0,0,1
702,SoutheyLab/nextflow-workflows,1,4,4,2
703,grbot/nf-core-test,0,0,0,2
704,lifebit-ai/consensus-variant-caller,1,0,0,10
705,ryanlayerlab/layer_lab_caw,0,1,1,1
706,replikation/poreCov,13,29,29,5
707,madhyastha/gatk-nextflow-sample,0,0,0,0
708,crickbabs/qualityControl_byBABS,0,1,1,1
709,alemenze/ONT-multi-assembly,0,0,0,1
710,garfinjm/legsta-nf,0,0,0,1
711,HPCBio/16S-rDNA-dada2-pipeline,17,16,16,13
712,WarrenLabFH/viral_genomics,2,0,0,2
713,jbelyeu/sv_calling_nf,0,0,0,2
714,seandavi/cmgd_coordinator,0,1,1,2
715,noelnamai/differential-expression-analysis,0,0,0,1
716,jguhlin/useful-nextflow-patterns,1,2,2,3
717,sheenamt/hrd_pipeline,0,0,0,1
718,c3g/genflow-dnaseq,0,0,0,8
719,federicacitarrella/FusionFlow,1,0,0,2
720,daviesdrew/variantcalling,0,0,0,1
721,maxibor/anonymap,0,0,0,2
722,ParisDiderot-Bioinfo/nextflow-intro,13,1,1,4
723,icgc-argo-workflows/icgc-argo-sv-copy-number,1,0,0,13
724,didillysquat/kopp_2021_fowl,0,0,0,1
725,nf-core/gwas,13,8,8,97
726,mpozuelo/demultiplexing,1,0,0,0
727,ggrimes/crispy-chainsaw,0,0,0,1
728,biocorecrg/BioNextflow,3,21,21,9
729,mbradyneeley/RNASeq_Pipeline,0,0,0,1
730,ObenaufLab/sv-calling-nf,0,1,1,2
731,BlackburnLab/nfcorepgdb,0,0,0,1
732,mageshwarm/blast-example-magesh,0,0,0,1
733,evanfloden/transXpress-nf,0,0,0,0
734,darlenewagner/nextflowViral,0,0,0,1
735,GTK-lab/nextflow-awsbatch,0,0,0,2
736,sguizard/isoseq,0,1,1,2
737,csiro-crop-informatics/nextflow-embl-abr-webinar,1,5,5,3
738,espirado/lncrna_annotation_nextflow,0,0,0,1
739,glormph/nf-core-dda-quant-proteomics,6,4,4,1
740,eQTL-Catalogue/rnaseq,5,3,3,3
741,SpikyClip/llrnaseq,2,0,0,1
742,benpastore/nf-smrna-seq,0,0,0,1
743,antunderwood/nextflow-aws-batch-issue-1024,0,0,0,2
744,anna-saukkonen/PAC,2,1,1,2
745,jianhong/nf-core-hicar,2,0,0,1
746,lifebit-ai/DeepVariantWGS,1,0,0,5
747,taltechnlp/est-asr-pipeline,0,0,0,2
748,Gregor-Mendel-Institute/kWIP-nf,0,0,0,7
749,PI-Bioinfo/thamlee-nxf-rnaseq,0,0,0,1
750,bioinfo-pf-curie/nf-VIF,2,3,3,2
751,SJLeeY10/crispedit,1,0,0,0
752,csiro-crop-informatics/repset,3,2,2,4
753,wtsi-hgi/nextflow_ci,0,0,0,2
754,Biocentric/DeepVariantNF,0,0,0,0
755,rmoran7/dx_sarek,0,0,0,1
756,nf-core/ampliseq,53,82,82,89
757,WarrenLab/shortread-polish-nf,0,0,0,2
758,ThamLe2601/nextflow-rnaseq-modules,0,1,1,1
759,loipf/SOMvc-pipeline,0,0,0,1
760,nf-modules/fastqc,0,0,0,2
761,elyadlezmi/RNA2CM,5,10,10,0
762,alam1988/Nextflow,0,0,0,1
763,peterk87/nf-illmap,1,1,1,1
764,mblanche/nextflow,0,1,1,2
765,eQTL-Catalogue/genotype_qc,0,4,4,3
766,MGordon09/nf-core-buggybarcodes,0,0,0,1
767,czbiohub/sc2-ngs-analysis,0,0,0,3
768,plateau-gao/CUTnTag,0,0,0,1
769,KevinMenden/testpipe,0,0,0,1
770,MaddalenaCella/nf-lcWGS-mapping-and-imputation,0,1,1,1
771,FredHutch/nf-pacbio-bacterial,0,1,1,4
772,peterk87/nf-biohansel-sra-benchmark,1,0,0,2
773,peterk87/phylogenetictree,0,0,0,0
774,ifremer-bioinformatics/pallor,1,2,2,4
775,biocorecrg/ELIXIR_containers_nextflow,0,5,5,6
776,sanger-tol/readmapping,1,1,1,1
777,stevekm/fastq-bed-subset,1,1,1,1
778,SherineAwad/nf-core-mytrial,0,0,0,1
779,BCCDC-PHL/mlst-nf,0,0,0,1
780,hoelzer/dammit-nf,0,0,0,2
781,jfy133/archaeodiet,1,1,1,1
782,leipzig/m6a,2,3,3,2
783,HadrienG/gwas_benchmarks,0,0,0,1
784,supark87/prac_nextflow,1,0,0,1
785,javaidm/layer_lab_vc,1,2,2,2
786,HadrienG/2018_coral_16S,0,1,1,4
787,nf-core/nanostring,0,1,1,157
788,bzhanglab/neoflow,7,13,13,6
789,heinzlab/csrna,0,0,0,2
790,GoalConsortium/goal_misc,1,4,4,12
791,bzhanglab/DeepRescore,1,2,2,5
792,GMS6804-master/rnatoy,0,0,0,2
793,ChristopherBrunner/sRNAFinder,0,0,0,1
794,LBMC/readthroughpombe,1,0,0,2
795,fmaguire/diamond_workflow,1,1,1,1
796,adamd3/StrainSeq,0,0,0,1
797,Monia234/IARC-imputation,0,0,0,1
798,bigbio/nf-workflows,7,9,9,7
799,GMS6804-master/YAMP,0,0,0,2
800,seandavi/curatedMetagenomicsNextflow,3,5,5,4
801,vntasis/stan-nf,0,0,0,1
802,lifebit-ai/DeepVariant,23,30,30,30
803,loipf/DNAsmash-pipeline,0,0,0,1
804,brucemoran/RNAseq_kallisto,0,0,0,1
805,pblaney/mgp1000,1,2,2,3
806,likelet/MesKit,5,4,4,3
807,Amanj1/variantSeeker,0,0,0,1
808,nhhaidee/scovtree,2,0,0,2
809,Solyris83/xPORE_nextflow,0,0,0,1
810,crickbabs/BABS-RNASeq,2,5,5,2
811,suzannejin/nf-proportionality,0,0,0,1
812,nf-core/neutronstar,5,3,3,103
813,jimmyliu1326/tCANS,0,0,0,1
814,proteomicsunitcrg/qcloud2-pipeline,0,4,4,3
815,nibscbioinformatics/nf-core-viralevo,0,0,0,3
816,nicni16/nfcore-maxquant,0,0,0,1
817,dfornika/snippy-phylogenomics-nf,1,1,1,1
818,mashehu/nf-core_test,0,0,0,2
819,PaulusBoskabouter/BasicPhylo,0,0,0,1
820,FAANG/analysis-TAGADA,3,5,5,8
821,photocyte/genomeScope_nf,0,1,1,1
822,replikation/docker_pipelines,6,3,3,0
823,lifebit-ai/ReleaseTheKraken,0,0,0,8
824,peterk87/nf-biohansel-snippy-comparison,0,0,0,1
825,anu9109/nf,0,0,0,1
826,junyu-boston/dicerna-rnaseq,0,0,0,1
827,montilab/pipeliner,13,36,36,7
828,dthorburn/Agam_Methylation,0,0,0,1
829,peterk87/nf-ionampliseq,1,0,0,1
830,oxfordmmm/preprocessing,2,0,0,3
831,liameabbott/reference-database,0,0,0,1
832,evdomene/brbseqnf,0,0,0,1
833,RosaDeSa/RNAseq_dsl2,0,0,0,0
834,nf-core/modules,189,98,98,80
835,EBIvariation/variant-remapping,6,2,2,2
836,evolbioinfo/gotree_usecase,0,0,0,4
837,jerdra/BOONStim,2,1,1,1
838,UCL-BLIC/nf-ginkgo,0,2,2,3
839,Crone0610/nf-core-refcaller,0,1,1,1
840,silastittes/panand_structure,0,0,0,1
841,Dowell-Lab/Bidirectional-Flow,0,0,0,2
842,nf-modules/picard,0,0,0,2
843,ksumngs/v-met,1,0,0,1
844,lifebit-ai/phewas,4,1,1,9
845,FredHutch/cellprofiler-batch-nf,1,0,0,4
846,TheJacksonLaboratory/gbrs_nextflow,0,1,1,2
847,mchimenti/ATAC_seq_nextflow,0,1,1,1
848,dgg32/metagenome-binning-nextflow,0,1,1,1
849,espelpz/taranispip,0,0,0,1
850,CommonMindConsortium/RAPiD-nf,0,1,1,3
851,Lewsey-Lab/lims-rnaseq,0,0,0,0
852,jermth/hls-workshop,2,3,3,1
853,ABMicroBioinf/nf-tb,1,0,0,0
854,doudoufeishangtian/RNApipe-nf,0,3,3,1
855,maxibor/madman,0,0,0,5
856,drpatelh/nf-core-sgrnaquant,0,0,0,0
857,chelauk/nf-core-trimmomatic,0,0,0,2
858,MarieGurke/nfconsensus,0,0,0,1
859,MattHuff/Nextflow_Pipelines,0,0,0,1
860,UnseenBio/shotgun-qc-nf,0,0,0,3
861,AndersenLab/annotation-nf,1,0,0,5
862,alakob/ena-bracken-annotation,0,0,0,1
863,xmzhuo/fastp-nf,0,0,0,1
864,ZuberLab/crispr-process-nf,1,2,2,3
865,ramadatta/nextflow,0,0,0,1
866,AndersenLab/scan2-nf,0,0,0,7
867,matt-sd-watson/nextflow_misc,0,0,0,1
868,ampatchlab/nf-isoseq,0,0,0,3
869,WhalleyT/neoantigen_prediction,0,0,0,1
870,tamara-hodgetts/nf-atac-seq,0,0,0,1
871,czbiohub/nf-core-test,0,0,0,2
872,dfornika/stringmlst-nf,0,0,0,1
873,matthiasheinig/scworkflows,0,0,0,1
874,aleks96n/BioInfoKallisto,1,0,0,1
875,UPHL-BioNGS/Donut_Falls,0,1,1,2
876,austinreidmanny/raven-nf,1,1,1,0
877,jianhong/universalModule,0,0,0,1
878,PalMuc/TransPi,8,16,16,4
879,michellejlin/covid_swift_pipeline,6,0,0,1
880,SimonDMurray/DNA-pipeline,0,0,0,1
881,naveen584/nextflow-variantcalling,0,1,1,0
882,biocorecrg/indrop,3,5,5,4
883,ChadFibke/germ,0,0,0,1
884,bigmonty12/peakCallingBenchmark,1,1,1,1
885,scilus/tractoflow,11,33,33,7
886,lifebit-ai/metagwas,0,0,0,9
887,czbiohub/nf-simulaternaseq,0,1,1,4
888,rwtaylor/nextflow-pipelines,0,0,0,1
889,ampatchlab/nf-bam2fastq,0,1,1,3
890,nf-modules/trimmomatic,2,0,0,2
891,cgpu/bamerge,0,0,0,1
892,BCCDC-PHL/mykrobe-nf,0,0,0,1
893,MaxGreil/sradcqc,0,0,0,1
894,edgano/nf_phylo3D,0,0,0,1
895,rynge/searchsra-nextflow,0,0,0,2
896,jdurbin/nf,0,0,0,2
897,marcodelapierre/illumina-nf,0,0,0,2
898,connor-lab/qc_nextflow,1,2,2,3
899,simozhou/epi-awesome,0,2,2,0
900,mahesh-panchal/nextflow-docker-actions-test,1,0,0,0
901,csf-ngs/controldna,0,0,0,2
902,bhargava-morampalli/cdnaseqont-nextflow,0,0,0,2
903,Tingvall/macs2_idr,0,0,0,1
904,letaylor/qtlmap,1,0,0,0
905,GroundB/RepeatDefeaters,1,0,0,2
906,jtmccr1/nf-core-phylofunk,0,1,1,2
907,letovesnoi/clusterassembly,0,0,0,1
908,jambler24/bacterial_transcriptomics,1,0,0,1
909,gencorefacility/variant-calling-pipeline-gatk4,27,24,24,2
910,AndersenLab/alignment-nf,0,1,1,6
911,CRG-CNAG/CalliNGS-NF,36,87,87,8
912,YussAb/mergeVCF_MutectStrelka,0,0,0,1
913,genomic-medicine-sweden/RareDisease_RNA_workflow,4,2,2,9
914,lifebit-ai/hisat2,0,0,0,1
915,fullerharrison/afs505_u3_project,0,0,0,1
916,ameynert/base-space-download-fastq-with-checksums,0,1,1,1
917,athbaltzis/diff-AS-nf,0,0,0,1
918,mpozuelo/exome_mosdepth,0,0,0,0
919,nf-core/testpipeline,5,0,0,2
920,AndersenLab/SEmRNA-seq-nf,1,0,0,9
921,bschiffthaler/nf-modules,0,0,0,1
922,ablab/metaGT,0,0,0,3
923,liameabbott/drop-seq-tools-pipeline,0,0,0,1
924,lifebit-ai/simulate,0,2,2,7
925,hustal/rnasequmi,0,0,0,1
926,biomedbigdata/nf-core-circRNA-sponging,0,0,0,3
927,hoelzer/virify,2,4,4,3
928,stevekm/nextflow-pipeline-demo,0,1,1,2
929,UCL-BLIC/rnaseq_variant_calling,0,0,0,2
930,erikrikarddaniel/pfitmap-nextflow,0,0,0,1
931,Amanj1/PhyloProtTTV,0,0,0,1
932,biocorecrg/CoursesCRG_Containers_Nextflow_May_2021,2,7,7,5
933,nibscbioinformatics/viralevo,2,1,1,3
934,BenNolann/rsi_analysis,0,0,0,1
935,DimmestP/nextflow_paired_reads_pipeline,0,0,0,1
936,luslab/nf-clip,0,4,4,9
937,nriddiford/nf-core-lohcator,0,0,0,1
938,csawye01/nf-core-demultiplex,5,0,0,0
939,lifebit-ai/roary,3,1,1,4
940,baiyuanxiang/ngs_nextflow,0,0,0,1
941,doudoufeishangtian/smRNApipe-nf,0,3,3,1
942,hawaiidatascience/metaflowmics,3,1,1,5
943,brucemoran/somatic_n-of-1,0,0,0,1
944,k-florek/mirkwater,0,0,0,1
945,guigolab/rnaseq-nf,0,0,0,4
946,virus-evolution/phylopipe,0,5,5,5
947,Gregor-Mendel-Institute/nf-methylpy,0,0,0,6
948,harleenduggal/nfcore-rnaseq,0,0,0,1
949,TRON-Bioinformatics/tronflow-haplotype-caller,0,0,0,1
950,bschiffthaler/nf-pseudopipe,0,0,0,1
951,Thatguy027/CePopulationGenetics-nf,0,0,0,1
952,np-core/modules,2,4,4,2
953,QuentinLetourneur/Let-it-bin,2,5,5,3
954,canceromics/MeRIPseqPipe,6,8,8,2
955,Ilchaffurin/Pipeline-RBMS,0,0,0,1
956,cschu/vortex_knight,0,0,0,2
957,genomicsengland/minimal_subset_genomic_dataset,0,0,0,2
958,UMCUGenetics/DxNextflowWES,1,4,4,7
959,TRON-Bioinformatics/tronflow-mutect2,0,6,6,2
960,AgBC-UoP/mapNclean-nf,0,0,0,1
961,CJREID/snplord-nf,0,0,0,2
962,ggrimes/ttseq,0,0,0,1
963,jiangweiyao/paramsReadernf2,0,0,0,1
964,ggrimes/nf-fastp,0,0,0,1
965,cometsong/ATAC_Seq_nxf,1,1,1,0
966,mclaugsf/seqtk-nextflow,0,0,0,1
967,cbirbes/NextFlowPipeline,1,2,2,1
968,oist/plessy_Nextflow_SpliceLeaderCAGE,0,0,0,2
969,joshua-d-campbell/nf-GATK_Exome_Preprocess,5,8,8,1
970,BCCDC-PHL/consensus-align-utr-trim,0,0,0,2
971,bigbio/pgdb,10,0,0,7
972,ampatchlab/nf-pdx,0,0,0,3
973,IARCbioinfo/strelka2-nf,3,2,2,3
974,FriederikeHanssen/shrnacount,0,0,0,1
975,maxibor/kraken-nf,3,4,4,1
976,BFSSI-Bioinformatics-Lab/bfssi-assembly-pipeline,0,0,0,2
977,ASKAP-EMUCat/emucat_workflows,1,0,0,2
978,IARCbioinfo/purple-nf,1,0,0,4
979,Leon-Bichmann/diaproteomics,8,1,1,0
980,alemenze/ONT-polish,0,0,0,1
981,xiaoli-dong/pathogen,0,0,0,1
982,peterk87/nf-villumina,2,1,1,1
983,CENMIG/snpplet,4,1,1,2
984,Vikash84/viclara,0,0,0,0
985,Amanj1/TTV-primer-analysis,0,0,0,1
986,jiangfuqing/atac-seq,0,0,0,1
987,FilipThorn/nf-variantcaller,0,0,0,1
988,IARCbioinfo/nf_coverage_demo,3,0,0,2
989,kojix2/simple_mixcr_nextflow,0,0,0,1
990,FilipThorn/nf_mito-mania,0,1,1,1
991,Monia234/IARC-fastqc,0,0,0,1
992,UCL-BLIC/wgsalign,0,0,0,5
993,subwaystation/pangenome,4,1,1,1
994,wtsi-hgi/eqtl,0,1,1,1
995,gavinf97/groupnextflow,2,0,0,2
996,caspargross/HybridAssembly,2,4,4,0
997,photocyte/luciferase-PPX-predictor-nf,0,1,1,1
998,t-neumann/salmon-nf,4,0,0,1
999,ksumngs/nf-modules,0,0,0,1
1000,fargenfo/linkseq,1,0,0,2
1001,brucemoran/nanopore_gDNA_CNA,0,0,0,1
1002,imendes93/sv-nf,1,0,0,1
1003,Channing-Zeng/metagenomics-nf,0,0,0,1
1004,pgonzale60/genokmer_hifi,0,0,0,1
1005,Huisquare/nfdv,0,1,1,1
1006,grst/nf-core-test,0,0,0,2
1007,cgpu/sarek-mirror-cache,0,0,0,2
1008,czbiohub/nf-tracer,0,0,0,3
1009,wslh-bio/spriggan,1,5,5,2
1010,jamez-eh/nf-fh-pcp-wes-mutect2,0,0,0,1
1011,isugifNF/RNAseq,0,0,0,2
1012,phiweger/isolate_pe,0,0,0,2
1013,nextflow-io/elixir-workshop-21,3,1,1,4
1014,HuipengL/nfcore_test,0,0,0,1
1015,FredHutch/flye-nf,0,0,0,5
1016,Nine-s/workflow_comparison_analysis,0,0,0,2
1017,clemensma/symbiontDivider,1,2,2,2
1018,Mxrcon/Gustavo_protein_anotation_nf,0,0,0,1
1019,TheJacksonLaboratory/ChIA-PIPE_nextflow,0,0,0,4
1020,pditommaso/nf-course-unimi-2021,1,1,1,1
1021,esrice/workflows,0,0,0,2
1022,raonyguimaraes/nextflow-hello,0,0,0,1
1023,gis-rpd/rpd-sg10k-grch38-gatk4-gvcf-freebayes-vcf,6,4,4,7
1024,remiolsen/nf-core-radseq,0,1,1,1
1025,Dowell-Lab/RNAseq-Flow,6,5,5,3
1026,Biocentric/rnaseq_debug,0,0,0,0
1027,ABMicroBioinf/nf-qc,1,0,0,0
1028,torchij/nextflow,0,0,0,1
1029,Thomas-LeCoent/reprohackathon-bioinfo,0,0,0,1
1030,chewbeckie/flye_ntedit_polish_graph_workflow,0,0,0,1
1031,erikwaskiewicz/bamsurgeon-nextflow,1,1,1,1
1032,lifebit-ai/panelR,0,0,0,1
1033,isugifNF/blast,2,2,2,2
1034,herczegrobert/ownpipeline,0,0,0,1
1035,galaxyuvri-ea/qiime2-pipeline,1,1,1,1
1036,cyrildw/nf-MappingOrMerging,0,0,0,1
1037,tranwin/nextflow-rnaseq,0,0,0,1
1038,porchard/RNAseq-NextFlow,0,0,0,1
1039,Sage-Bionetworks-Challenges/nf-model2data,0,0,0,2
1040,yonghah/geodata-pipeline,0,2,2,1
1041,h3abionet/HPCBio-Refgraph_pipeline,6,0,0,11
1042,glmanhtu/nf-workflows,0,0,0,1
1043,bbi-lab/bbi-sci,1,4,4,8
1044,nilesh-tawari/blast-pipeline,0,0,0,1
1045,ray1919/lRNA-Seq,0,0,0,2
1046,BrianLohman/star-rsem-scrnaseq-nf,0,0,0,1
1047,keng404/nextflow_test,0,0,0,1
1048,Aveglia/vAMPirus,2,8,8,2
1049,COG-UK/datapipe,1,3,3,6
1050,WarrenLab/longread-polish-nf,0,0,0,3
1051,brentp/rare-disease-wf,6,45,45,6
1052,bioinformatist/nf-core-metaamplicon,1,0,0,1
1053,MatteoSchiavinato/MAG_recovery,0,0,0,1
1054,chelauk/nf-core-platypus,0,0,0,2
1055,gnetsanet/nf-fusioncatcher,0,0,0,1
1056,czbiohub/demux,0,1,1,1
1057,phue/aradeepopsis,0,0,0,2
1058,NYU-Molecular-Pathology/LG-PACT,0,1,1,2
1059,oalmelid/lift-over-nf,1,0,0,1
1060,xiaoli-dong/magph,0,0,0,1
1061,czbiohub/sc2-illumina-pipeline,8,17,17,8
1062,JingQiChong/nf_CRACpipeline,0,0,0,1
1063,grbot/run-fastqc,5,0,0,2
1064,icgc-argo-workflows/nextflow-data-processing-utility-tools,1,0,0,12
1065,c3g/runvalidation,0,0,0,8
1066,liameabbott/bulk-rna-seq-pipeline,0,0,0,1
1067,NCBI-Codeathons/lung-rna-seq,3,1,1,4
1068,ablab/graphamr,1,4,4,2
1069,mikecormier/neoseq-seqcover-nf,0,0,0,1
1070,BigelowLab/gorg-classifier,0,3,3,5
1071,awilson0/bugseq-pipeline,1,2,2,1
1072,jianhong/16S_pipeline,0,0,0,1
1073,alemenze/magicuniqueamplicons,0,0,0,1
1074,sagc-bioinformatics/modules,2,1,1,4
1075,coraliegimonnet/ChIP-seq_pipeline,0,0,0,0
1076,photocyte/doSameSpeciesLiftOver_nextflow,0,1,1,1
1077,ebi-gene-expression-group/isl_refs_to_refgenie,0,1,1,4
1078,caspargross/plasmIDent,1,5,5,0
1079,gongyh/nf-core-scgs,2,1,1,2
1080,alemenze/Illumina-ShotgunQuant,0,0,0,1
1081,faithman/genome_based_RNAseq-nf,0,0,0,1
1082,heinzlab/smrna-seq-pipeline,0,0,0,1
1083,AGROSAVIABIOUNIT/nextflow_conda_cutadapt,1,0,0,1
1084,remiolsen/outlaw,0,0,0,1
1085,hirenbioinfo/Nanopipe,0,1,1,1
1086,lifebit-ai/Tardis,2,0,0,3
1087,kviljoen/fastq_QC,0,1,1,1
1088,bactopia/bactopia,28,134,134,8
1089,mahesh-panchal/nf-core_modules_demo,0,0,0,1
1090,grpiccoli/FOG,0,0,0,1
1091,jiangweiyao/sra_mash_nf,0,0,0,1
1092,lifebit-ai/GenomeChronicler-Sarek-nf,0,0,0,4
1093,BrianLohman/pdx-nf,0,0,0,1
1094,askimed/nf-test-examples,0,0,0,2
1095,raygozag/rnaseq,0,0,0,1
1096,drpatelh/nf-core-fetchdata,0,0,0,0
1097,monikaBrandt/nf-core-mynewpipeline,0,0,0,1
1098,lifebit-ai/fam-gwas,1,2,2,3
1099,jordwil/nextflow-bowtie2,1,0,0,1
1100,pilm-bioinformatics/pipelines-nf-circtools,0,0,0,1
1101,cgpu/panelR,0,0,0,2
1102,KevinMenden/nf-core-testpipeline,0,0,0,1
1103,crickbabs/nextflow_toolbox,0,0,0,1
1104,NajlaBioinfo/hisq_paired_rnasq,0,0,0,1
1105,ikmb/ngs-qc,0,0,0,1
1106,WarrenLab/purge-haplotigs-nf,0,0,0,2
1107,cidgoh/cidgoh_qc,2,0,0,1
1108,zsteve/nf-ATAC,0,1,1,1
1109,jvierstra/nf-genotyping,1,0,0,1
1110,espelpz/genebygenebact,1,0,0,1
1111,alemenze/ONT-basecalling,0,0,0,1
1112,microgenlab/porefile,3,6,6,5
1113,rmoran7/custom_sarek,0,0,0,1
1114,jiangweiyao/metaphlan_nf,0,1,1,1
1115,lifebit-ai/qc-nf,2,0,0,3
1116,bartcharbon/nextflowVipPoc,0,0,0,1
1117,ameynert/bam2fastq,0,0,0,0
1118,genomicsITER/NanoCLUST,25,45,45,4
1119,lifebit-ai/vcf-annotator,2,0,0,3
1120,TheJacksonLaboratory/mmrSVD,0,0,0,1
1121,biocorecrg/PHIND_course_nextflow_Feb_2022,1,0,0,2
1122,biocorecrg/transcriptome_assembly,1,1,1,4
1123,jiangfuqing/scrna-seq,0,0,0,0
1124,ecerami/nextflow_sandbox,0,0,0,0
1125,JIAYING2021/Hackathon021,0,0,0,1
1126,cgpu/Mutect2TumorOnlyMode-nf,0,0,0,2
1127,jiangweiyao/coregenome_align_nf,0,1,1,1
1128,BrianLohman/RNAseq-variant-calling-nf,0,0,0,1
1129,dfornika/simulate-reads,0,1,1,1
1130,aws-samples/aws-gatk-recipe-nextflow-pipeline,2,7,7,6
1131,nebfield/snpQT,0,2,2,3
1132,lifebit-ai/prs,3,4,4,12
1133,BrianReevz/GoogleCloudLifeSciSeq,0,0,0,1
1134,icgc-argo-workflows/sanger-wgs-variant-calling,3,3,3,12
1135,kerimoff/qtlquant,0,0,0,0
1136,nf-core/rnafusion,49,67,67,85
1137,FredHutch/nf-core-aligngenomes,1,0,0,5
1138,perllb/ctg-exome,1,0,0,2
1139,goldfinchbio/gatk-nextflow,3,0,0,2
1140,jianhong/shotgun,0,0,0,1
1141,Puumanamana/nf-modules,0,0,0,1
1142,nibscbioinformatics/nf-core-buggybarcodes,0,0,0,3
1143,milescsmith/gcls-rnaseq-nf,0,0,0,1
1144,Mxrcon/Nextflow-study,1,1,1,1
1145,czbiohub/nf-bowtie,0,0,0,2
1146,nf-core/epitopeprediction,13,18,18,67
1147,AlfredUg/QuasiFlow,1,0,0,1
1148,bc2zb/nf-core-disambiguate,0,0,0,1
1149,nf-core/atacseq,65,103,103,87
1150,salzmanlab/ReadZS,4,0,0,2
1151,markxiao/PRS-dev,1,0,0,2
1152,stevekm/vcf-filter-annotate,0,1,1,2
1153,nf-core/nanoseq,27,69,69,61
1154,BarryDigby/nextflow_bits,0,1,1,0
1155,ebi-gene-expression-group/scxa-bundle-workflow,0,0,0,6
1156,eQTL-Catalogue/qcnorm,0,3,3,3
1157,h3abionet/popfreqs,1,0,0,6
1158,fargenfo/gatk-joint-genotyping,0,0,0,1
1159,metagenlab/nanopore,0,1,1,2
1160,metashot/prok-snp,0,0,0,2
1161,Tingvall/cutntag,0,0,0,1
1162,christophstach/live-pipeline-nextflow,0,0,0,1
1163,AndersenLab/PEmRNA-seq-nf,0,0,0,4
1164,zamanianlab/RNAseq-VC-nf,0,0,0,4
1165,jennomics/parallel-blast,1,0,0,1
1166,oist/plessy_CAGEscan_Nextflow,0,0,0,2
1167,Gustius/omics-analyser,0,0,0,0
1168,lengfei5/smallRNA_nf,1,0,0,0
1169,lifebit-ai/qc-dsl2,1,0,0,4
1170,czbiohub/nf-sicilian,2,2,2,6
1171,goodwright/imaps-nf,1,0,0,2
1172,HugoMananet/Nextflow_Samtools-merge_gatk4-mutect2,0,0,0,2
1173,drejom/bam2fastq-nf,0,0,0,2
1174,j23414/compare_workflows,0,1,1,2
1175,loipf/DNAseq-pipeline,0,0,0,1
1176,biocorecrg/vectorQC,0,3,3,2
1177,heuermh/artic,0,0,0,0
1178,caspargross/nf-core-denovohybrid,5,0,0,0
1179,lstevens17/nemAsm,0,0,0,1
1180,chaeyoung-lee/gcp_genomics_api,0,0,0,1
1181,maxibor/admapipe,0,2,2,2
1182,Akazhiel/NeoPred-NF,0,0,0,1
1183,lskatz/nf-core-mlst,0,0,0,2
1184,cgpu/somatic_exome_n-of-1,0,0,0,1
1185,HadrienG/nanoflow,3,20,20,6
1186,IARCbioinfo/bam2cram,1,0,0,1
1187,maxibor/humann-nf,0,0,0,2
1188,TRON-Bioinformatics/tronflow-template,0,0,0,2
1189,cancerbioinformatics/PATCH-pipeline,0,0,0,0
1190,episkadlo/anglerFISH,0,1,1,2
1191,goldfinchbio/sentieon-nextflow,3,1,1,2
1192,IngoMue/nf-umap,0,1,1,1
1193,olavurmortensen/demuxlink,0,0,0,2
1194,maxibor/bowtie2-lca,0,0,0,2
1195,brwnj/upward,0,0,0,2
1196,nextflow-io/nfcamp-tutorial,11,19,19,5
1197,metashot/prok-annotate,0,0,0,2
1198,hugovaysset/ReproHackaton,0,0,0,1
1199,gavinf97/Nextflow_AntiSMASH,0,0,0,1
1200,msmallegan/rmghc-workshop-19,25,0,0,0
1201,JoseEspinosa/nf-core-benchmark,0,0,0,1
1202,DEMBresearch/rnaseq_qc,1,0,0,2
1203,GuilleGorines/nfcore-pikavirus-legacy,0,0,0,1
1204,adamrtalbot/kallisto_nf,0,0,0,1
1205,lescailab/toolprofiler,0,0,0,1
1206,tdelhomme/vcf_ancestry-nf,0,0,0,1
1207,seandavi/nf-core-cmgd,0,4,4,1
1208,brwnj/seqcover-nf,0,0,0,2
1209,genomic-medicine-sweden/JASEN,4,0,0,8
1210,chelauk/nf-core-deepsnv,0,0,0,2
1211,cgpu/PON,1,0,0,2
1212,npacc/HIV-Drug-Resistance,0,0,0,1
1213,lukasjelonek/sequencing-technology-usage-diagram,0,1,1,2
1214,cpang429/directrna,0,1,1,1
1215,glormph/nf-core-labelcheck,1,0,0,2
1216,BU-ISCIII/panelLowFreq-nf,0,2,2,6
1217,nf-core/rnaseq,419,436,436,91
1218,cmatKhan/brentlab_rnaseq_nf,0,0,0,1
1219,h3abionet/chipimputation_evaluate_chips,2,0,0,3
1220,harleenduggal/RNASEQ,0,0,0,1
1221,FredHutch/diamond-build-tax-db,0,0,0,5
1222,Leon-Bichmann/Phosphoproteomics,0,0,0,1
1223,bioinformaticsclouds/nextflow,0,0,0,0
1224,NorwegianVeterinaryInstitute/Nepal,1,0,0,3
1225,steepale/wgsfastqtobam,0,0,0,2
1226,PiscatorX/videre-pipeline,0,0,0,0
1227,tmc-hematopath/smMIPS-Detection-Pipeline,0,1,1,1
1228,doudoufeishangtian/bacDENOVO-nf,0,1,1,1
1229,FredHutch/unicycler-nf,1,3,3,2
1230,HadrienG/arbetsprov,1,5,5,2
1231,FredHutch/microbial-rnaseq,1,10,10,3
1232,dakehero/LGAflow,0,0,0,1
1233,lifebit-ai/long-reads,2,0,0,26
1234,HugoMananet/SegMuVar,1,0,0,1
1235,davismcc/nf-hipsci-fibro,0,0,0,1
1236,LaurenceKuhl/shrnacount,0,0,0,1
1237,marcodelapierre/nanopore-nf,3,2,2,1
1238,VEuPathDB/proteinToGenomeAlignment,0,0,0,32
1239,Ramanandan/rnaseq_nextflow,0,0,0,1
1240,dalmiaa/Sample_NF,0,0,0,0
1241,hoelzer/wuhan,0,0,0,3
1242,connor-lab/ncov2019-artic-nf,76,73,73,14
1243,mingxinliu/nfp4MBC,0,0,0,1
1244,scilus/tractoflow-pve,1,0,0,5
1245,SarahMaman/NextflowRNAseq,0,0,0,2
1246,epi2me-labs/wf-transcript-target,0,0,0,2
1247,darcyabjones/panann,2,2,2,1
1248,savytskanatalia/STARmap,0,0,0,2
1249,SannaAb/RNA_Seq_Pipe,1,0,0,1
1250,zellerlab/vortex_light,0,0,0,2
1251,angelovangel/nxf-fastqc,3,3,3,1
1252,nf-core/dualrnaseq,10,6,6,39
1253,SergFern/Variant_Calling,0,0,0,1
1254,philDTU/plasmidPublication,1,1,1,2
1255,nf-core/funcscan,4,0,0,12
1256,ErasmusMC-Bioinformatics/NextFlow-VC-pipeline,0,1,1,4
1257,calkan/TARDIS-CRAM-NextFlow,0,0,0,2
1258,covidestim/dailyFlow,0,0,0,2
1259,erikrikarddaniel/magmap,1,0,0,1
1260,BBJamge/bedtools_Danpos_NF,0,0,0,1
1261,hoelzer/clean,0,7,7,3
1262,CGUTA/hugeheat,1,0,0,2
1263,PlantGGHLab/qiime2-nf,0,3,3,3
